GeoFIPS,GeoName,Region,TableName,LineCode,IndustryClassification,Description,Unit,2001,2002,2003,2004,2005,2006,2007,2008,2009,2010,2011,2012,2013,2014,2015,2016,2017,2018,2019,2020,2021,2022,2023
 00000,United States, ,CAINC5N,10.0,...,Personal income (thousands of dollars) ,Thousands of dollars,8990104000,9146700000,9474684000,10008929000,10540800000,11291446000,11925044000,12423410000,12058253000,12547501000,13299818000,13905749000,14063283000,14778160000,15467113000,15884741000,16658962000,17514402000,18349584000,19600945000,21403979000,22077232000,23380269000
 00000,United States, ,CAINC5N,20.0,...,Population (persons) 2/,Number of persons,284968955,287625193,290107933,292805298,295516599,298379912,301231207,304093966,306771529,309378433,311841632,314344331,316735375,319270047,321829327,324367742,326623063,328542157,330233102,331526933,332048977,333271411,334914895
 00000,United States, ,CAINC5N,30.0,...,Per capita personal income (dollars) ,Dollars,31548,31801,32659,34183,35669,37843,39588,40854,39307,40557,42649,44237,44401,46287,48060,48971,51004,53309,55566,59123,64460,66244,69810
 00000,United States, ,CAINC5N,35.0,...,Earnings by place of work ,Thousands of dollars,6865291000,7001002000,7243377000,7674785000,8039238000,8519349000,8866261000,9014085000,8688913000,9023916000,9444387000,9854834000,10180570000,10613874000,11039821000,11311477000,11848205000,12438590000,12988477000,13169880000,14354763000,15297028000,16115221000
 00000,United States, ,CAINC5N,36.0,..., Less: Contributions for government social insurance 3/,Thousands of dollars,732117000,750338000,777906000,827820000,871941000,921123000,960011000,986884000,962826000,982045000,915062000,948953000,1102460000,1151698000,1202909000,1237223000,1297292000,1359444000,1422391000,1447257000,1557083000,1702143000,1813878000
 00000,United States, ,CAINC5N,37.0,...,  Employee and self-employed contributions for government social insurance ,Thousands of dollars,374669000,384872000,396049000,419777000,444586000,474522000,499034000,516200000,505514000,513895000,423231000,436562000,577062000,606203000,634466000,657084000,693454000,735774000,772947000,789777000,851561000,938145000,994229000
 00000,United States, ,CAINC5N,38.0,...,  Employer contributions for government social insurance ,Thousands of dollars,357448000,365466000,381857000,408043000,427355000,446601000,460977000,470684000,457312000,468150000,491831000,512391000,525398000,545495000,568443000,580139000,603838000,623670000,649444000,657480000,705522000,763998000,819649000
 00000,United States, ,CAINC5N,42.0,..., Plus: Adjustment for residence 4/,Thousands of dollars,2692000,2657000,2679000,2659000,2614000,2617000,2596000,2649000,3019000,3068000,3201000,3411000,3651000,3438000,3403000,3062000,2980000,3451000,3438000,4012000,4149000,4201000,4398000
 00000,United States, ,CAINC5N,45.0,..., Equals: Net earnings by place of residence ,Thousands of dollars,6135866000,6253321000,6468150000,6849624000,7169911000,7600843000,7908846000,8029850000,7729106000,8044939000,8532526000,8909292000,9081761000,9465614000,9840315000,10077316000,10553893000,11082597000,11569524000,11726635000,12801829000,13599086000,14305741000
 00000,United States, ,CAINC5N,46.0,...," Plus: Dividends, interest, and rent 5/",Thousands of dollars,1661673000,1608189000,1659306000,1738099000,1854178000,2076789000,2288133000,2438478000,2182454000,2177445000,2408638000,2633469000,2557205000,2771030000,2941428000,3030442000,3249424000,3455566000,3633001000,3645515000,3948422000,4339000000,4806534000
 00000,United States, ,CAINC5N,47.0,..., Plus: Personal current transfer receipts ,Thousands of dollars,1192565000,1285190000,1347228000,1421206000,1516711000,1613814000,1728065000,1955082000,2146693000,2325117000,2358654000,2362988000,2424317000,2541516000,2685370000,2776983000,2855645000,2976239000,3147059000,4228795000,4653728000,4139146000,4267994000
 00000,United States, ,CAINC5N,50.0,..., Wages and salaries ,Thousands of dollars,4950126000,4992622000,5133728000,5416803000,5688398000,6051357000,6392832000,6531099000,6241491000,6363368000,6615753000,6918166000,7104786000,7467705000,7851802000,8086749000,8469518000,8888150000,9313643000,9449377000,10303513000,11114046000,11716967000
 00000,United States, ,CAINC5N,60.0,..., Supplements to wages and salaries ,Thousands of dollars,1081914000,1136091000,1210736000,1293698000,1369719000,1417923000,1477079000,1517532000,1504178000,1546444000,1592949000,1632251000,1714292000,1767120000,1833313000,1869103000,1944272000,2049420000,2112516000,2121213000,2231403000,2302165000,2452724000
 00000,United States, ,CAINC5N,61.0,...,  Employer contributions for employee pension and insurance funds 6/,Thousands of dollars,724466000,770625000,828879000,885655000,942364000,971322000,1016102000,1046848000,1046866000,1078294000,1101118000,1119860000,1188894000,1221625000,1264870000,1288964000,1340434000,1425750000,1463072000,1463733000,1525881000,1538167000,1633075000
 00000,United States, ,CAINC5N,62.0,...,  Employer contributions for government social insurance ,Thousands of dollars,357448000,365466000,381857000,408043000,427355000,446601000,460977000,470684000,457312000,468150000,491831000,512391000,525398000,545495000,568443000,580139000,603838000,623670000,649444000,657480000,705522000,763998000,819649000
 00000,United States, ,CAINC5N,70.0,..., Proprietors' income 7/,Thousands of dollars,833251000,872289000,898913000,964284000,981121000,1050069000,996350000,965454000,943244000,1114104000,1235685000,1304417000,1361492000,1379049000,1354706000,1355625000,1434415000,1501020000,1562318000,1599290000,1819847000,1880817000,1945530000
 00000,United States, ,CAINC5N,71.0,...,  Farm proprietors' income ,Thousands of dollars,34334000,22462000,38523000,53778000,49894000,33500000,42452000,44676000,32713000,44296000,71280000,65474000,97285000,77570000,62442000,42435000,46786000,37820000,40328000,51615000,80127000,103187000,67805000
 00000,United States, ,CAINC5N,72.0,...,  Nonfarm proprietors' income ,Thousands of dollars,798917000,849827000,860390000,910506000,931227000,1016569000,953898000,920778000,910531000,1069808000,1164405000,1238943000,1264207000,1301479000,1292264000,1313190000,1387629000,1463200000,1521990000,1547675000,1739720000,1777630000,1877725000
 00000,United States, ,CAINC5N,81.0,111-112, Farm earnings ,Thousands of dollars,55165000,43253000,59012000,75958000,71929000,55387000,67790000,70357000,58460000,68577000,94376000,93777000,125971000,106679000,89646000,71466000,77644000,66241000,68955000,82206000,110719000,138922000,105423000
 00000,United States, ,CAINC5N,82.0,..., Nonfarm earnings ,Thousands of dollars,6810126000,6957749000,7184365000,7598827000,7967309000,8463962000,8798471000,8943728000,8630453000,8955339000,9350011000,9761057000,10054599000,10507195000,10950175000,11240011000,11770561000,12372349000,12919522000,13087674000,14244044000,15158106000,16009798000
 00000,United States, ,CAINC5N,90.0,113-814,  Private nonfarm earnings ,Thousands of dollars,5711094000,5786475000,5946426000,6294333000,6603144000,7039086000,7298321000,7370674000,7011475000,7287119000,7673276000,8082192000,8330798000,8741061000,9128259000,9373842000,9856239000,10387588000,10879665000,10979521000,12069883000,12923097000,13640723000
 00000,United States, ,CAINC5N,100.0,113-115,"   Forestry, fishing, and related activities ",Thousands of dollars,20357000,20108000,20437000,22128000,22179000,24612000,21737000,21098000,20931000,25364000,24568000,27516000,27909000,29253000,32295000,33481000,33755000,35467000,35931000,40533000,38972000,39393000,45016000
 00000,United States, ,CAINC5N,101.0,113,    Forestry and logging ,Thousands of dollars,5908000,5722000,5686000,6050000,6013000,6363000,5107000,4675000,4179000,5658000,5189000,5800000,5742000,5909000,6572000,6517000,6213000,6450000,6300000,7284000,6692000,6628000,7873000
 00000,United States, ,CAINC5N,102.0,114,"    Fishing, hunting and trapping ",Thousands of dollars,1939000,1856000,1869000,1923000,1973000,2155000,1650000,1514000,1399000,2140000,1968000,2219000,2106000,2062000,2320000,2368000,2341000,2455000,2386000,2731000,2507000,2389000,2914000
 00000,United States, ,CAINC5N,103.0,115,    Support activities for agriculture and forestry ,Thousands of dollars,12510000,12530000,12882000,14155000,14193000,16094000,14980000,14909000,15353000,17566000,17411000,19497000,20061000,21282000,23403000,24596000,25201000,26562000,27245000,30518000,29773000,30376000,34229000
 00000,United States, ,CAINC5N,200.0,21,"   Mining, quarrying, and oil and gas extraction ",Thousands of dollars,58349000,56372000,63705000,72534000,90842000,107608000,97109000,151272000,98746000,113991000,152945000,164557000,177211000,195362000,126580000,93532000,130608000,163933000,159467000,113957000,134874000,191049000,186855000
 00000,United States, ,CAINC5N,201.0,211,    Oil and gas extraction ,Thousands of dollars,32728000,32408000,39246000,45101000,58868000,68533000,54404000,101708000,57585000,69122000,96905000,103151000,115223000,128330000,70498000,51890000,79858000,99697000,96690000,63439000,86182000,128690000,116075000
 00000,United States, ,CAINC5N,202.0,212,    Mining (except oil and gas) ,Thousands of dollars,14334000,13660000,13469000,14725000,15947000,17587000,17718000,19068000,17752000,18891000,22249000,22504000,20985000,20544000,19490000,17781000,20184000,22639000,21504000,22131000,21985000,24838000,27575000
 00000,United States, ,CAINC5N,203.0,213,    Support activities for mining ,Thousands of dollars,11287000,10304000,10990000,12708000,16027000,21488000,24987000,30496000,23409000,25978000,33791000,38902000,41003000,46488000,36592000,23861000,30566000,41597000,41273000,28387000,26707000,37521000,43205000
 00000,United States, ,CAINC5N,300.0,22,   Utilities ,Thousands of dollars,57348000,57371000,56832000,60684000,60094000,67582000,67504000,75109000,70682000,71867000,76815000,74701000,78179000,82979000,86945000,87773000,96735000,109122000,112773000,123112000,128849000,126481000,127704000
 00000,United States, ,CAINC5N,400.0,23,   Construction ,Thousands of dollars,452000000,462279000,480065000,514336000,549819000,599619000,592405000,548343000,481885000,486510000,495613000,525962000,550035000,594217000,637174000,666481000,712566000,752084000,807265000,805667000,851111000,920984000,983567000
 00000,United States, ,CAINC5N,401.0,236,    Construction of buildings ,Thousands of dollars,121266000,128275000,134490000,145106000,156466000,170709000,164378000,147692000,128405000,130997000,132327000,139995000,145945000,157940000,170070000,178327000,190804000,200588000,214811000,214379000,226669000,247809000,264541000
 00000,United States, ,CAINC5N,402.0,237,    Heavy and civil engineering construction ,Thousands of dollars,55302000,56350000,56716000,59457000,63920000,69753000,72686000,72730000,65737000,64780000,66879000,71861000,74755000,80741000,85349000,87404000,94407000,101595000,108938000,108732000,112934000,120341000,128875000
 00000,United States, ,CAINC5N,403.0,238,    Specialty trade contractors ,Thousands of dollars,275432000,277654000,288859000,309773000,329433000,359157000,355341000,327921000,287743000,290733000,296407000,314106000,329335000,355536000,381755000,400750000,427355000,449901000,483516000,482556000,511508000,552834000,590151000
 00000,United States, ,CAINC5N,500.0,31-33,   Manufacturing ,Thousands of dollars,906800000,874791000,873076000,906104000,926175000,959317000,977491000,970428000,865077000,877369000,924939000,962023000,976377000,1015980000,1058238000,1051003000,1095903000,1146694000,1178041000,1178900000,1246340000,1355515000,1422726000
 00000,United States, ,CAINC5N,510.0,"321,327-339",    Durable goods manufacturing ,Thousands of dollars,591796000,566034000,560522000,585023000,601583000,627870000,638301000,625839000,543495000,553494000,587809000,615417000,626985000,648567000,673094000,678027000,708967000,746327000,763561000,756759000,806252000,860061000,907365000
 00000,United States, ,CAINC5N,511.0,321,     Wood product manufacturing ,Thousands of dollars,22307000,22114000,22525000,24486000,25962000,25845000,24230000,21638000,16846000,16565000,17175000,17874000,19517000,21205000,22674000,23659000,24524000,25485000,26633000,28324000,31879000,36319000,36915000
 00000,United States, ,CAINC5N,512.0,327,     Nonmetallic mineral product manufacturing ,Thousands of dollars,26655000,26702000,26677000,27551000,29079000,30249000,30355000,28712000,23116000,22456000,23055000,23857000,24594000,26143000,28359000,29190000,30577000,32235000,32999000,33989000,35340000,36922000,39488000
 00000,United States, ,CAINC5N,513.0,331,     Primary metal manufacturing ,Thousands of dollars,31473000,29538000,28563000,30618000,31334000,32682000,33212000,34719000,24999000,26590000,30543000,31416000,30348000,31305000,31077000,29577000,31656000,34641000,35260000,32153000,37909000,42401000,44631000
 00000,United States, ,CAINC5N,514.0,332,     Fabricated metal product manufacturing ,Thousands of dollars,78922000,75828000,74971000,78991000,83125000,87995000,90430000,92604000,78605000,79642000,86238000,92773000,93855000,98144000,99491000,98359000,102052000,108322000,110504000,108371000,112163000,121418000,128727000
 00000,United States, ,CAINC5N,515.0,333,     Machinery manufacturing ,Thousands of dollars,78159000,73507000,71138000,73295000,77318000,81092000,84091000,85857000,77654000,77508000,83868000,88213000,90858000,94377000,95508000,90939000,95458000,101880000,104466000,99338000,104727000,112342000,119434000
 00000,United States, ,CAINC5N,516.0,334,     Computer and electronic product manufacturing ,Thousands of dollars,135163000,120593000,115575000,119443000,122606000,129132000,132805000,127974000,116751000,121926000,125120000,130240000,127374000,130197000,135831000,142676000,151517000,157314000,161397000,171360000,185572000,186732000,196952000
 00000,United States, ,CAINC5N,517.0,335,"     Electrical equipment, appliance, and component manufacturing ",Thousands of dollars,30160000,28267000,27839000,28475000,29132000,30133000,30475000,31137000,28830000,29576000,30997000,32231000,33354000,33893000,35399000,35645000,37033000,38287000,39001000,38125000,40261000,42631000,45666000
 00000,United States, ,CAINC5N,518.0,3361-3363,"     Motor vehicles, bodies and trailers, and parts manufacturing ",Thousands of dollars,73788000,74750000,76678000,77497000,76586000,76821000,73624000,63348000,47198000,48913000,54775000,59414000,62210000,65894000,71648000,73646000,76905000,81372000,82082000,74900000,82716000,91552000,95942000
 00000,United States, ,CAINC5N,519.0,"3364-3466,3369",     Other transportation equipment manufacturing ,Thousands of dollars,51075000,50910000,51090000,56064000,57107000,61672000,65560000,66284000,64474000,65563000,70466000,73061000,75747000,75209000,77829000,76707000,78606000,82862000,87377000,84502000,84409000,91686000,99372000
 00000,United States, ,CAINC5N,521.0,337,     Furniture and related product manufacturing ,Thousands of dollars,24158000,23545000,23323000,24311000,24508000,24951000,24475000,23087000,18109000,17221000,17468000,17709000,18624000,19735000,21423000,22102000,23123000,23679000,23319000,23451000,25241000,26316000,26072000
 00000,United States, ,CAINC5N,522.0,339,     Miscellaneous manufacturing ,Thousands of dollars,39936000,40280000,42143000,44292000,44826000,47298000,49044000,50479000,46913000,47534000,48104000,48629000,50504000,52465000,53855000,55527000,57516000,60250000,60523000,62246000,66035000,71742000,74166000
 00000,United States, ,CAINC5N,530.0,"311-316,322-326",    Nondurable goods manufacturing ,Thousands of dollars,315004000,308757000,312554000,321081000,324592000,331447000,339190000,344589000,321582000,323875000,337130000,346606000,349392000,367413000,385144000,372976000,386936000,400367000,414480000,422141000,440088000,495454000,515361000
 00000,United States, ,CAINC5N,531.0,311,     Food manufacturing ,Thousands of dollars,62205000,64616000,67075000,68243000,68918000,69799000,73035000,75018000,76278000,78009000,78512000,82289000,83680000,89073000,93081000,95887000,100428000,103312000,106428000,114350000,121256000,130464000,136008000
 00000,United States, ,CAINC5N,532.0,312,     Beverage and tobacco product manufacturing ,Thousands of dollars,13928000,14057000,14091000,14291000,14356000,14310000,15096000,16321000,15053000,15640000,15376000,16420000,16662000,18204000,18976000,21228000,21564000,19763000,20146000,21982000,24450000,25540000,26229000
 00000,United States, ,CAINC5N,533.0,313,     Textile mills ,Thousands of dollars,11956000,11142000,10270000,9919000,9103000,8406000,7864000,7155000,5655000,5847000,5913000,6165000,6281000,6682000,6528000,6391000,6385000,6503000,6406000,6112000,6436000,6632000,6428000
 00000,United States, ,CAINC5N,534.0,314,     Textile product mills ,Thousands of dollars,6779000,6582000,6554000,6776000,6701000,6481000,6700000,6165000,5285000,5290000,5255000,5564000,5617000,6070000,5981000,6039000,5990000,6144000,6182000,6056000,6426000,6801000,6691000
 00000,United States, ,CAINC5N,535.0,315,     Apparel manufacturing ,Thousands of dollars,12736000,11641000,10961000,10939000,10213000,9974000,9150000,9004000,7462000,7418000,7000000,7260000,7134000,7098000,6490000,6748000,6739000,6771000,7407000,6365000,7073000,7101000,7126000
 00000,United States, ,CAINC5N,536.0,316,     Leather and allied product manufacturing ,Thousands of dollars,2231000,1837000,1952000,1836000,1782000,1755000,1642000,1606000,1396000,1376000,1422000,1530000,1674000,1593000,1584000,1621000,1624000,1641000,1773000,1660000,1864000,1944000,1995000
 00000,United States, ,CAINC5N,537.0,322,     Paper manufacturing ,Thousands of dollars,33162000,32387000,32153000,31896000,31878000,31888000,33431000,32512000,32600000,30623000,31161000,30100000,31853000,31934000,33065000,31506000,31524000,33536000,34437000,35373000,33243000,36008000,37285000
 00000,United States, ,CAINC5N,538.0,323,     Printing and related support activities ,Thousands of dollars,35007000,33475000,32825000,33153000,33391000,33818000,34024000,32687000,27700000,26744000,26639000,26173000,26143000,26420000,26970000,27106000,27002000,27312000,27142000,25708000,26079000,27205000,27698000
 00000,United States, ,CAINC5N,539.0,324,     Petroleum and coal products manufacturing ,Thousands of dollars,18111000,12891000,14743000,17223000,19124000,23400000,23080000,23409000,20370000,21204000,27222000,33645000,29630000,29126000,38197000,20130000,25540000,26397000,28012000,26606000,25798000,51621000,53788000
 00000,United States, ,CAINC5N,541.0,325,     Chemical manufacturing ,Thousands of dollars,79387000,80991000,82493000,87035000,88399000,90353000,94227000,100643000,94598000,94813000,100455000,97987000,99700000,107879000,108977000,109702000,111764000,118140000,124649000,125031000,132033000,141548000,149490000
 00000,United States, ,CAINC5N,542.0,326,     Plastics and rubber products manufacturing ,Thousands of dollars,39502000,39138000,39437000,39770000,40727000,41263000,40941000,40069000,35185000,36911000,38175000,39473000,41018000,43334000,45295000,46618000,48376000,50848000,51898000,52898000,55430000,60590000,62623000
 00000,United States, ,CAINC5N,600.0,42,   Wholesale trade ,Thousands of dollars,357225000,358439000,367004000,390303000,413375000,441642000,461625000,465409000,431799000,440078000,467737000,492124000,505012000,527565000,550416000,549022000,569477000,584617000,601423000,616349000,650965000,723446000,771912000
 00000,United States, ,CAINC5N,700.0,44-45,   Retail trade ,Thousands of dollars,471705000,486929000,505353000,520386000,540319000,561681000,561088000,535281000,521030000,540618000,560191000,578597000,594738000,617472000,645312000,657130000,675178000,701636000,724899000,756655000,837417000,851360000,894752000
 00000,United States, ,CAINC5N,701.0,441,    Motor vehicle and parts dealers ,Thousands of dollars,91558000,95906000,99791000,101985000,105510000,108136000,103919000,94945000,83994000,90935000,96957000,102939000,108695000,114455000,121746000,126579000,129470000,133306000,139608000,145590000,174404000,183209000,190822000
 00000,United States, ,CAINC5N,702.0,442,    Furniture and home furnishings stores ,Thousands of dollars,19726000,20329000,21172000,21970000,22817000,23958000,23369000,21158000,17936000,18122000,18607000,19012000,19745000,20699000,21826000,22541000,23228000,24263000,25071000,24147000,28240000,26725000,27278000
 00000,United States, ,CAINC5N,703.0,443,    Electronics and appliance stores ,Thousands of dollars,25543000,23959000,23604000,23690000,24840000,25878000,26598000,26493000,23891000,25624000,27605000,27990000,26986000,27332000,29730000,29151000,29109000,29669000,30044000,29683000,32067000,29623000,30632000
 00000,United States, ,CAINC5N,704.0,444,    Building material and garden equipment and supplies dealers ,Thousands of dollars,38699000,40249000,42616000,45948000,48884000,51816000,50958000,48423000,45049000,45157000,45728000,46821000,48872000,50521000,52279000,54367000,55722000,58075000,60325000,67003000,72451000,72312000,76210000
 00000,United States, ,CAINC5N,705.0,445,    Food and beverage stores ,Thousands of dollars,76146000,78954000,80992000,81679000,82870000,85119000,85575000,81294000,86522000,89214000,90540000,93020000,95179000,97662000,102276000,102103000,106625000,110460000,113707000,128222000,128049000,134067000,146242000
 00000,United States, ,CAINC5N,706.0,446,    Health and personal care stores ,Thousands of dollars,31044000,32701000,34761000,36401000,38242000,40465000,42278000,42539000,43053000,44696000,45495000,46928000,48496000,49308000,50477000,52163000,53317000,54691000,55822000,56515000,60041000,58611000,62996000
 00000,United States, ,CAINC5N,707.0,447,    Gasoline stations ,Thousands of dollars,25759000,25615000,26359000,26956000,28010000,29504000,28637000,26037000,26761000,29259000,29788000,31191000,31770000,33247000,34340000,35257000,35765000,37831000,39820000,41931000,44742000,45933000,50531000
 00000,United States, ,CAINC5N,708.0,448,    Clothing and clothing accessories stores ,Thousands of dollars,31518000,32830000,33903000,35865000,37239000,38449000,39084000,37447000,34507000,36107000,36778000,38670000,39673000,40212000,40704000,40688000,41864000,43125000,44057000,37407000,42395000,44258000,47475000
 00000,United States, ,CAINC5N,709.0,451,"    Sporting goods, hobby, musical instrument, and book stores ",Thousands of dollars,16103000,16494000,16698000,16763000,17036000,17633000,17487000,16708000,16447000,16556000,16498000,16665000,17370000,18059000,18828000,18314000,18189000,18391000,18405000,18232000,21091000,21183000,21402000
 00000,United States, ,CAINC5N,711.0,452,    General merchandise stores ,Thousands of dollars,58162000,62591000,66954000,69717000,73546000,76312000,78687000,80308000,82748000,81504000,85237000,85050000,85233000,87919000,91059000,92438000,93755000,96426000,97398000,100950000,112170000,116023000,118381000
 00000,United States, ,CAINC5N,712.0,453,    Miscellaneous store retailers ,Thousands of dollars,32594000,32620000,32907000,33050000,33555000,34909000,33586000,30915000,30194000,31565000,32750000,33733000,34379000,35891000,36960000,36636000,36844000,38759000,40402000,39950000,45718000,44956000,47025000
 00000,United States, ,CAINC5N,713.0,454,    Nonstore retailers ,Thousands of dollars,24853000,24681000,25596000,26362000,27770000,29502000,30910000,29014000,29928000,31879000,34208000,36578000,38340000,42167000,45087000,46893000,51290000,56640000,60240000,67025000,76049000,74460000,75758000
 00000,United States, ,CAINC5N,800.0,48-49,   Transportation and warehousing ,Thousands of dollars,246437000,241035000,247186000,262801000,273108000,287652000,312548000,302672000,289930000,306334000,330984000,349020000,363982000,386993000,419261000,425445000,452806000,488150000,518496000,520417000,591338000,647472000,686653000
 00000,United States, ,CAINC5N,801.0,481,    Air transportation ,Thousands of dollars,41714000,40356000,38439000,37762000,36113000,36376000,43072000,40338000,36625000,39566000,42059000,43415000,46999000,47908000,51990000,57089000,60752000,65111000,67397000,62656000,63227000,74062000,88505000
 00000,United States, ,CAINC5N,802.0,482,    Rail transportation ,Thousands of dollars,16350000,16062000,16463000,17145000,18077000,18839000,18332000,19567000,18700000,18033000,20178000,21917000,21039000,22649000,23725000,21404000,21396000,22419000,22298000,19404000,19165000,20428000,21641000
 00000,United States, ,CAINC5N,803.0,483,    Water transportation ,Thousands of dollars,4167000,3875000,4204000,4670000,5012000,5718000,6811000,7189000,6614000,6770000,6626000,7094000,7778000,7701000,8201000,6802000,7678000,7693000,8524000,7515000,16335000,9155000,10082000
 00000,United States, ,CAINC5N,804.0,484,    Truck transportation ,Thousands of dollars,81943000,83251000,85866000,91179000,96657000,103284000,107855000,97565000,91648000,97583000,107833000,112979000,117970000,125943000,131573000,128713000,134399000,145055000,153523000,152221000,171270000,182338000,184152000
 00000,United States, ,CAINC5N,805.0,485,    Transit and ground passenger transportation ,Thousands of dollars,14081000,14692000,16541000,17675000,18108000,19763000,24749000,22813000,23700000,26611000,28430000,29559000,30644000,32621000,33844000,34828000,36767000,39752000,47831000,35668000,41840000,47799000,54988000
 00000,United States, ,CAINC5N,806.0,486,    Pipeline transportation ,Thousands of dollars,12748000,6618000,6566000,7425000,6967000,7472000,8566000,11410000,12630000,15015000,18927000,21492000,24213000,28364000,36147000,36357000,42240000,42737000,39750000,43828000,42095000,51195000,55350000
 00000,United States, ,CAINC5N,807.0,487,    Scenic and sightseeing transportation ,Thousands of dollars,1144000,1016000,1013000,1046000,1089000,1173000,1270000,1229000,1143000,1212000,1336000,1423000,1527000,1626000,1737000,1733000,1777000,1928000,2066000,1465000,1847000,2250000,2423000
 00000,United States, ,CAINC5N,808.0,488,    Support activities for transportation ,Thousands of dollars,29009000,29459000,30191000,32466000,34522000,37628000,40476000,40084000,36791000,39311000,43052000,45006000,46634000,50165000,54638000,53072000,55179000,60861000,67257000,67131000,75661000,85586000,91250000
 00000,United States, ,CAINC5N,809.0,492,    Couriers and messengers ,Thousands of dollars,25071000,25079000,26000000,27930000,28602000,28698000,30116000,30325000,29577000,29434000,29275000,30436000,30697000,31838000,34137000,36804000,38897000,42197000,45375000,54146000,66396000,65915000,67507000
 00000,United States, ,CAINC5N,811.0,493,    Warehousing and storage ,Thousands of dollars,20210000,20627000,21903000,25503000,27961000,28701000,31301000,32152000,32502000,32799000,33268000,35699000,36481000,38178000,43269000,48643000,53721000,60397000,64475000,76383000,93502000,108744000,110755000
 00000,United States, ,CAINC5N,900.0,51,   Information ,Thousands of dollars,271079000,260388000,260829000,269502000,270094000,275398000,298442000,305284000,297491000,294127000,305701000,325217000,351557000,366197000,384512000,396673000,412603000,451915000,473558000,489896000,566671000,567947000,601510000
 00000,United States, ,CAINC5N,901.0,511,    Publishing industries (except Internet) ,Thousands of dollars,73902000,69971000,71969000,72271000,73267000,76570000,83517000,81342000,76997000,75929000,81013000,82885000,84443000,90530000,95329000,95850000,102593000,113414000,121830000,134661000,164588000,163280000,176926000
 00000,United States, ,CAINC5N,902.0,512,    Motion picture and sound recording industries ,Thousands of dollars,25146000,24731000,25158000,23798000,22581000,23195000,27686000,25475000,29227000,29835000,30669000,34307000,35305000,36782000,39590000,36511000,37928000,39865000,41920000,35972000,49609000,53083000,45045000
 00000,United States, ,CAINC5N,903.0,515,    Broadcasting (except Internet) ,Thousands of dollars,41134000,45184000,44295000,49414000,49432000,48257000,53656000,65925000,62004000,61435000,61698000,68987000,77519000,75272000,78688000,85880000,81183000,90537000,89594000,79702000,68528000,65507000,72671000
 00000,United States, ,CAINC5N,904.0,516,    Internet publishing and broadcasting 8/,Thousands of dollars,3695000,3029000,3064000,3296000,3635000,4044000,(NA),(NA),(NA),(NA),(NA),(NA),(NA),(NA),(NA),(NA),(NA),(NA),(NA),(NA),(NA),(NA),(NA)
 00000,United States, ,CAINC5N,905.0,517,    Telecommunications ,Thousands of dollars,87174000,82806000,81818000,84019000,83066000,83123000,92156000,90224000,88991000,85318000,85897000,86567000,87529000,91085000,87571000,88023000,87022000,86502000,86420000,86818000,89089000,89068000,92584000
 00000,United States, ,CAINC5N,906.0,518,"    Data processing, hosting, and related services ",Thousands of dollars,37370000,31690000,31401000,33126000,34231000,36067000,26215000,25732000,24580000,24712000,26154000,27907000,30331000,33247000,37695000,39899000,43356000,51308000,56123000,60902000,76701000,94075000,105901000
 00000,United States, ,CAINC5N,907.0,519,    Other information services 8/,Thousands of dollars,2658000,2977000,3124000,3578000,3882000,4142000,15212000,16586000,15692000,16898000,20270000,24564000,36430000,39281000,45639000,50510000,60521000,70289000,77671000,91841000,118156000,102934000,108383000
 00000,United States, ,CAINC5N,1000.0,52,   Finance and insurance ,Thousands of dollars,504698000,499141000,512579000,547367000,583048000,630289000,663890000,641805000,625838000,665035000,668137000,703889000,697591000,703659000,727773000,779950000,845909000,858608000,894768000,983054000,1066895000,1092914000,1131407000
 00000,United States, ,CAINC5N,1001.0,521,    Monetary Authorities-central bank ,Thousands of dollars,1350000,1450000,1451000,1475000,1535000,1635000,1746000,1949000,2034000,2090000,2032000,2003000,2159000,2261000,2348000,2528000,2672000,2893000,2963000,3108000,3338000,3517000,3820000
 00000,United States, ,CAINC5N,1002.0,522,    Credit intermediation and related activities ,Thousands of dollars,156615000,167376000,183185000,191915000,208999000,219029000,225255000,222909000,205333000,207208000,202298000,231395000,221235000,225893000,242184000,253331000,272883000,283839000,301953000,333198000,364565000,350616000,357175000
 00000,United States, ,CAINC5N,1003.0,523,"    Securities, commodity contracts, and other financial investments and related activities ",Thousands of dollars,173296000,155531000,148190000,163125000,170941000,201198000,213867000,192877000,212397000,245278000,244134000,239406000,232777000,221690000,212587000,247321000,276057000,264824000,272152000,312874000,357281000,369051000,376944000
 00000,United States, ,CAINC5N,1004.0,524,    Insurance carriers and related activities ,Thousands of dollars,157387000,163877000,170779000,181208000,190880000,200428000,206609000,209043000,202315000,203450000,212375000,224167000,232163000,246448000,261548000,266222000,280117000,295465000,306434000,320324000,330311000,353446000,375959000
 00000,United States, ,CAINC5N,1005.0,525,"    Funds, trusts, and other financial vehicles ",Thousands of dollars,16050000,10907000,8974000,9644000,10693000,7999000,16413000,15027000,3759000,7009000,7298000,6918000,9257000,7367000,9106000,10548000,14180000,11587000,11266000,13550000,11400000,16284000,17509000
 00000,United States, ,CAINC5N,1100.0,53,   Real estate and rental and leasing ,Thousands of dollars,151717000,158273000,161154000,166745000,168729000,167317000,146268000,143798000,134065000,148234000,174669000,204606000,224927000,237238000,266703000,287973000,288038000,308556000,334862000,330910000,386371000,400864000,413519000
 00000,United States, ,CAINC5N,1101.0,531,    Real estate ,Thousands of dollars,113576000,119566000,124205000,129174000,131606000,126282000,103807000,95432000,90381000,105423000,128329000,156726000,175934000,186340000,212676000,230131000,226938000,237559000,256911000,265229000,314364000,310820000,317276000
 00000,United States, ,CAINC5N,1102.0,532,    Rental and leasing services ,Thousands of dollars,35726000,36538000,34784000,35296000,34736000,38421000,39721000,45694000,41094000,40296000,43912000,45263000,46399000,48146000,51299000,55020000,57998000,68002000,74835000,62602000,68629000,86140000,92272000
 00000,United States, ,CAINC5N,1103.0,533,    Lessors of nonfinancial intangible assets (except copyrighted works) ,Thousands of dollars,2415000,2169000,2165000,2275000,2387000,2614000,2740000,2672000,2590000,2515000,2428000,2617000,2594000,2752000,2728000,2822000,3102000,2995000,3116000,3079000,3378000,3904000,3971000
 00000,United States, ,CAINC5N,1200.0,54,"   Professional, scientific, and technical services ",Thousands of dollars,604845000,601653000,609793000,649220000,698812000,767946000,832968000,899728000,851645000,871312000,930811000,981703000,999946000,1063237000,1132706000,1160953000,1221285000,1298628000,1379789000,1431193000,1594454000,1720292000,1822607000
 00000,United States, ,CAINC5N,1300.0,55,   Management of companies and enterprises ,Thousands of dollars,149900000,149888000,159094000,171871000,179033000,197183000,215745000,215180000,209470000,214767000,234010000,252319000,266316000,280667000,291612000,299683000,318705000,338816000,357479000,358466000,385782000,424358000,441697000
 00000,United States, ,CAINC5N,1400.0,56,   Administrative and support and waste management and remediation services ,Thousands of dollars,254361000,260996000,270001000,289855000,311606000,333582000,356846000,354478000,334376000,356010000,380113000,400618000,415081000,438052000,456517000,468360000,503155000,527647000,556744000,555289000,618700000,693097000,711563000
 00000,United States, ,CAINC5N,1401.0,561,    Administrative and support services ,Thousands of dollars,237737000,243722000,251889000,270398000,290815000,311570000,335771000,332090000,311271000,332659000,355909000,375857000,389940000,410956000,428127000,440483000,471651000,493283000,521318000,517475000,578682000,649962000,663336000
 00000,United States, ,CAINC5N,1402.0,562,    Waste management and remediation services ,Thousands of dollars,16624000,17274000,18112000,19457000,20791000,22012000,21075000,22388000,23105000,23351000,24204000,24761000,25141000,27096000,28390000,27877000,31504000,34364000,35426000,37814000,40018000,43135000,48227000
 00000,United States, ,CAINC5N,1500.0,61,   Educational services ,Thousands of dollars,83226000,92401000,98409000,106751000,110431000,118617000,129071000,136651000,147259000,154874000,162636000,171558000,174845000,185249000,191166000,201558000,203980000,212535000,224865000,227845000,242460000,254504000,268019000
 00000,United States, ,CAINC5N,1600.0,62,   Health care and social assistance ,Thousands of dollars,602480000,651411000,689443000,738764000,773585000,825105000,871487000,928795000,967350000,1015490000,1045748000,1083917000,1118361000,1152969000,1214736000,1267115000,1312699000,1374054000,1436340000,1500110000,1587376000,1678167000,1799747000
 00000,United States, ,CAINC5N,1601.0,621,    Ambulatory health care services ,Thousands of dollars,293443000,316132000,329254000,353986000,373110000,397657000,421938000,449379000,462028000,492072000,509401000,524846000,541372000,560375000,589435000,617098000,639020000,670463000,702548000,719215000,785194000,821525000,877443000
 00000,United States, ,CAINC5N,1602.0,622,    Hospitals ,Thousands of dollars,183713000,199327000,215142000,232088000,241266000,258315000,272046000,292931000,312472000,320239000,330243000,342731000,351774000,359805000,382716000,395262000,409524000,424399000,440256000,464145000,476890000,504191000,535973000
 00000,United States, ,CAINC5N,1603.0,623,    Nursing and residential care facilities ,Thousands of dollars,71421000,77281000,81944000,86205000,88669000,94025000,98543000,104398000,108242000,113136000,115326000,117193000,120235000,123296000,127685000,132828000,135704000,141883000,146420000,161416000,157209000,167268000,181184000
 00000,United States, ,CAINC5N,1604.0,624,    Social assistance ,Thousands of dollars,53903000,58671000,63103000,66485000,70540000,75108000,78960000,82087000,84608000,90043000,90778000,99147000,104980000,109493000,114900000,121927000,128451000,137309000,147116000,155334000,168083000,185183000,205147000
 00000,United States, ,CAINC5N,1700.0,71,"   Arts, entertainment, and recreation ",Thousands of dollars,71892000,76930000,80569000,84951000,85405000,91269000,103363000,100634000,98622000,107344000,110913000,118588000,124950000,136901000,136913000,146207000,151724000,161684000,168797000,132587000,162719000,190818000,212732000
 00000,United States, ,CAINC5N,1701.0,711,"    Performing arts, spectator sports, and related industries ",Thousands of dollars,38353000,42114000,44477000,46826000,46696000,50825000,59416000,55848000,55443000,62174000,64537000,68719000,70777000,79066000,76297000,81638000,85394000,92570000,96017000,74481000,90484000,109436000,122120000
 00000,United States, ,CAINC5N,1702.0,712,"    Museums, historical sites, and similar institutions ",Thousands of dollars,3252000,3443000,3578000,3761000,3907000,4124000,4463000,4759000,4857000,5055000,5129000,5408000,5691000,6129000,6383000,6819000,7158000,7589000,7911000,7091000,7945000,9118000,10366000
 00000,United States, ,CAINC5N,1703.0,713,"    Amusement, gambling, and recreation industries ",Thousands of dollars,30287000,31373000,32514000,34364000,34802000,36320000,39484000,40027000,38322000,40115000,41247000,44461000,48482000,51706000,54233000,57750000,59172000,61525000,64869000,51015000,64290000,72264000,80246000
 00000,United States, ,CAINC5N,1800.0,72,   Accommodation and food services ,Thousands of dollars,200745000,207200000,217899000,233576000,242924000,257493000,264295000,264947000,254353000,265015000,283002000,304456000,319039000,340963000,369315000,392651000,410832000,432218000,457689000,371188000,503825000,530346000,578662000
 00000,United States, ,CAINC5N,1801.0,721,    Accommodation ,Thousands of dollars,54540000,53873000,54715000,58765000,61296000,63384000,66402000,67251000,58069000,61245000,66767000,71463000,75846000,79845000,85493000,88488000,91037000,95940000,101313000,72639000,94719000,103907000,114472000
 00000,United States, ,CAINC5N,1802.0,722,    Food services and drinking places ,Thousands of dollars,146205000,153327000,163184000,174811000,181628000,194109000,197893000,197696000,196284000,203770000,216235000,232993000,243193000,261118000,283822000,304163000,319795000,336278000,356376000,298549000,409106000,426439000,464190000
 00000,United States, ,CAINC5N,1900.0,81,   Other services (except government and government enterprises) ,Thousands of dollars,245930000,270870000,272998000,286455000,303566000,325174000,324439000,309762000,310926000,332780000,343744000,360821000,364742000,386108000,400085000,408852000,420281000,441224000,456479000,443393000,474764000,514090000,540075000
 00000,United States, ,CAINC5N,1901.0,811,    Repair and maintenance ,Thousands of dollars,76542000,82808000,80033000,83497000,90272000,96891000,93075000,82967000,82516000,92496000,96905000,101721000,102489000,107926000,112154000,114584000,117551000,122058000,126090000,119769000,133628000,143675000,154151000
 00000,United States, ,CAINC5N,1902.0,812,    Personal and laundry services ,Thousands of dollars,70358000,78564000,77995000,82389000,90936000,99661000,95043000,81980000,83442000,97373000,101435000,106354000,106601000,113125000,116784000,119994000,124336000,129650000,133282000,116134000,135667000,147141000,156496000
 00000,United States, ,CAINC5N,1903.0,813,"    Religious, grantmaking, civic, professional, and similar organizations ",Thousands of dollars,85964000,96725000,100792000,105456000,107067000,112228000,118278000,125709000,127558000,127588000,129075000,135416000,137471000,144212000,149833000,154227000,159709000,167563000,174141000,185035000,183443000,198193000,203972000
 00000,United States, ,CAINC5N,1904.0,814,    Private households ,Thousands of dollars,13066000,12773000,14178000,15113000,15291000,16394000,18043000,19106000,17410000,15323000,16329000,17330000,18181000,20845000,21314000,20047000,18685000,21953000,22966000,22455000,22026000,25081000,25456000
 00000,United States, ,CAINC5N,2000.0,...,  Government and government enterprises ,Thousands of dollars,1099032000,1171274000,1237939000,1304494000,1364165000,1424876000,1500150000,1573054000,1618978000,1668220000,1676735000,1678865000,1723801000,1766134000,1821916000,1866169000,1914322000,1984761000,2039857000,2108153000,2174161000,2235009000,2369075000
 00000,United States, ,CAINC5N,2001.0,...,   Federal civilian ,Thousands of dollars,181568000,194790000,207508000,220976000,231292000,239402000,249381000,258690000,272305000,291670000,298927000,297840000,293442000,301690000,312462000,322284000,331147000,344274000,351279000,369758000,383170000,398157000,428315000
 00000,United States, ,CAINC5N,2002.0,...,   Military ,Thousands of dollars,70280000,81824000,96696000,102848000,111679000,115988000,121188000,130828000,139402000,144314000,143967000,142377000,137145000,133446000,132162000,136209000,137226000,135244000,140010000,147251000,157473000,158045000,166743000
 00000,United States, ,CAINC5N,2010.0,...,   State and local ,Thousands of dollars,847184000,894660000,933735000,980670000,1021194000,1069486000,1129581000,1183536000,1207271000,1232236000,1233841000,1238648000,1293214000,1330998000,1377292000,1407676000,1445949000,1505243000,1548568000,1591144000,1633518000,1678807000,1774017000
 00000,United States, ,CAINC5N,2011.0,...,    State government ,Thousands of dollars,238553000,250972000,259905000,271152000,282336000,295342000,311505000,327548000,333190000,341199000,346708000,351085000,367048000,379967000,392432000,398622000,411306000,424439000,438446000,452784000,465581000,477491000,507156000
 00000,United States, ,CAINC5N,2012.0,...,    Local government ,Thousands of dollars,608631000,643688000,673830000,709518000,738858000,774144000,818076000,855988000,874081000,891037000,887133000,887563000,926166000,951031000,984860000,1009054000,1034643000,1080804000,1110122000,1138360000,1167937000,1201316000,1266861000
